Month,Content
2024-01,"코스닥 대부분이 고pbr이니진짜 국장떠날날 멀지않은거같다 1 이미지 순서 ON2 이미지 순서 ON3 이미지 순서 ON4 이미지 순서 ON코스닥지수 96년에 출시최초 100포인트에서 시작IT버블꺼지고 신규상장만 존1나게해댐그 결과 지수 개ㅈ박아서 수년동안 50포인트횡보 ㅋㅋㅋ거래소에서 쪽팔려서 지수 계산법을 바꿔서 곱하기 10 뻥튀기시전그 결과 오늘날 800포인트에서 놀고 있음옛날 계산법으론 80포인트 ㅋㅋㅋ30년 가까이 최초 상장 시점보다 낮은 지수원래 태생부터 개미들 빨아먹을려는 사기장국장은 ㅂㅅ그자체 1 이미지 순서 ON2 이미지 순서 ON3 이미지 순서 ON4 이미지 순서 ON 코갤횽아들아 안녕! 오랜!만!이다!추운데 한강 안가고 다들 잘 살아있지?인스타 하면서부터 디씨에 잘 안오게 되네(물론 인스타도 자주=안한다=게! ""키포인트"")작년에 코스피 +18.73% 상승했는데 다들 수익률&수익금액 많이 보셨는지?나는 작년에 별로였음1 이미지 순서 ONIBK증권 계좌= +0.94% / +1388만4765원1월달 시작-너무나도 좋았=뎃!""초끗발"" 이 ""개끗발"" 이었네ㅠ2 이미지 순서 ONIBK증권 계좌= +0.94% / +1388만4765원운용금액이 가장 큰 계좌인 IBK증권계좌투자수익률=0.94% 옆에 기간지수등락률 18.74% 에 비교 하면은 정말 초라하다.그래도 IBK증권 계좌는 벌기라도 했지3 이미지 순서 ON하나대투 계좌= -1.38% / -135만8083원하나대투 계좌는 이 좋았던 2023 주식시장에서 마이너스를 기록했다.. 흨흨..그래도 하나대투는 쪼금 까였지4 이미지 순서 ON이베스트 계좌= -6.89% / -1703만3441원이베스트 계좌=이 좋았던 2023 주식시장에서 1700만원 넘게 까였다.허나 이보다 훨씬 더 심한놈이 있으니5 이미지 순서 ON미래에셋 계좌= -10.03% / -5135만2460원망할놈의 미래에셋 계좌는 수익률 -10퍼가 넘고손실금액도 5천만원이 넘었다... 흨흨..그나마 효자인 계좌는6 이미지 순서 ON유안타증권 계좌 수익률 이랑 수익금액은 HTS 어디서 보는지 잘 모르겠고2022 계좌 잔고에 비해서7 이미지 순서 ON1121만372원 증가했고 여기에올해 익절하고 다른계좌로 보낸8 이미지 순서 ON657만8000원 까지 더하면=올해 +1778만8372원 늘어났다.얘보다 쪼금더 효자는9 이미지 순서 ON한국투자증권 수익률+11.14%? 20.39%? 17.29% 도대체 몇퍼센트 수익률 인지=모르겠지만! 수익금액= +1610만3340원 벌었고,여기에 계좌 수익률에=포함이 안되=SK에코플랜트10 이미지 순서 ON2022년 마지막날 59400원 종가기준 에서2023년 마지막날 종가기준 으로는11 이미지 순서 ON""72500원"" 13100원 늘어났다.13100원x2000주=2620만원 에다가 1610만3340원 더하면=4230만3340원올해 한투계좌=+4230만3340원 늘어났다.최고로 효자인 계좌는12 이미지 순서 ON키움증권 계좌= +25.82% / +1억2383만3512원2023시즌 올해의효자! 올해의계좌!이게!다! 아이쓰리시스템 덕분!이다!이계좌만 유일하게 코스피를 이겼다!이모든 계좌들의 수익금액을 합하면은13 이미지 순서 ON1억2806만6095원1년에 1억이상 자산이 증가하고주식수익금액이 1년에 1억 넘는거는물론 적은금액이 아니라는게 확실하지만내가 굴리고 있는 운용금액 에서는아쉽고 안타까운 측면도 꽤나 크다.내가 운용하는 금액 기준으로 14 이미지 순서 ON2023 시즌 수익률=대략 3.24%?2023 18.73% 상승한 코스피 수익률까지안가고 은행금리 아니 MMF 혹은 CMA 금리에서 정리되는 수준이다.. 흐흐흐흨더군다나 내 종목들은 코스피 보다는코스닥에 주요 포진하고 있는상황 인데,작년 코스닥 상승률은 무려15 이미지 순서 ON27.6% 상승했다.. 잠시.. 눈물.. 좀. 닦고..결론=둔촌악어=2023시즌코스피한테 졌다! 개발렸다!코스피 수익률 이긴 코갤횽아들있으면은 진심으로 축하합니다!28일 29일 30일 31일 그리고 올해 1월1일2023시즌 계좌 마무리 작업하면서 예전에매매내역 이랑 익절종목들 그리고! 현시점 내 종목들 통합차트를 유심히 살펴봤는데!도대체 왜!인지+모르겠지만!2024시즌에는 주식수익률이꽤나 괜찮을것 같=자신감이아주아주 강하게! 샘솟는다!참고로 나는 돈사기도 3번이나 당하고하도 ㅈㅗㅈ 같=일들을 많이 겪어서꽤나 비관적인 ""염세주의자"" 이다!그런데도 올해=자신감!이!생겨!물론 이 근거없는 자신감 과설레발이 김치국 원샷 드링킹3사발 엔딩으로 끝날수 있지만그래도 염세주의자 둔촌악어 도자신감 가지고 올해를 시작하니코갤횽아들도 자신감 가지시길!3줄요약1.2023년 코스피 상승률=+18.73%2.2023년 둔촌악어 코스피 한테 패배3.2024년 시즌은 왠지모를 자신감 넘침ps:주식 실패해 소주랑 한강가지 말자!    주식 성공해 미녀랑 한강같이 가자!          -둔촌악어-(aka펀드맨)"
2024-02,"1 이미지 순서 ON어제 아침 한국 증시 밸류업 프로그램으로 기대된 ‘기업 밸류업 지원방안’ 자료가 발표되었다.하지만 유관기관합동으로 발표된 ‘기업 밸류업 지원방안’을 본 투자자들이 실망감을 숨기지 못하고 SNS에 쏟아낼 정도로 아쉬움이 크게 남았다. 이에 따라 증시 밸류업 수혜 기대가 컸던 저PBR 관련주들의 주가 약세가 나타나고 있다.하지만 아쉬움이 컸던 자료 속에서 필자는 다른 관점을 가지고 이를 보았다.시장 참여자들의 실망 : “자발적” 상장기업의 자발적 제고이번 밸류업 프로그램 관련 방안에 투자자들이 가장 크게 실망했던 문구는 바로 “상장기업의 자발적 기업가치 제고”였다.만약 자발적으로 상장사들이 기업가치 제고를 위해 노력했다면, 시장 참여자들이 그렇게도 목 놓아 제도 개선을 요구하지도 않았을 것이다.이는 마치 학생들에게 통제 없이 자발적으로 공부하라는 것과 다를 바가 없다. 소수의 학생만 자발적으로 공부할 뿐 대다수 학생은 자발적으로 공부하라 하면 공부하는 흉내만 내거나 아예 놀고 있을 터이니 말이다.상장기업들도 마찬가지일 것이다. 통제가 없다면 굳이 인력과 공을 들여서 기업가치 제고를 위해 노력할 필요가 없을 터이니 말이다. 그런데, 이번 이슈는 조금 더 다양한 관점으로 볼 필요가 있어 보인다.첫째, 이벤트 효과 종료주식시장은 재료가 주가에 선반영되고 재료가 노출되면 주가 모멘텀을 사라지거나 오히려 하락하게 된다. 이를 효율적 시장이라고도 하고 재료가 노출된 시점을 이벤트 효과 종료라고도 말하기도 한다.어쩌면 이번 밸류업 프로그램도 D-day가 정해져 있었던 이슈였기에 2월 26일 이전에 밸류업 프로그램에 대한 기대치는 선반영 되었기에 오히려 재료가 노출되면서 이벤트 효과가 종료되었다 할 수 있었을 것이다.다만 시장 참여자들의 실망이 추가로 더해지면서 재료 소멸 효과가 조금 더 크고 빠르게 나타났다 할 수 있겠다.둘째, 기업 밸류업 지원방안 속 힌트 : 상장을 통제하기만 하여도 증시 레벨업(유관기관 합동) 기업 밸류업 지원방안 문서 속에서 저는 이 부분이 유독 눈에 들어왔는데 바로 한국 주식시장의 상장기업 수 현황을 보여주는 자료였다.2023년 말 기준 한국의 상장기업 수는 2,558개 그리고 최근 10년 연평균 증가율은 3.5%로 자료에 나와 있었다. 상장기업 수보다 연평균 증가율이 계속 눈에 들어왔다. 그도 그럴 것이 주요 국가들의 상장 종목 수 증가율에 비하여 매우 높은 편이었기 때문이다.2 이미지 순서 ON-최근 10년 상장기업 수 연평균 증가율위의 표를 보면 대만, 미국, 일본 등은 1%대 상장기업 수 연평균 증가율을 기록하고 있고, 인도와 영국은 오히려 상장기업 수가 감소하였다. 대만증시, 인도증시, 미국증시, 일본증시, 영국 증시 모두 한국 증시보다 강한 상승을 만들고 있거나 매우 양호한 흐름을 만들고 있다.그리고 한국과 중국은 각각 3.5%와 7.5%를 기록하고 있다. 한국과 중국 모두 참으로 답답한 증시 흐름을 걷고 있는 국가다. 특히 중국은 그야말로 답이 없다고 해도 과언이 아니다.이 자료만 보더라도, 증시 밸류업 프로그램도 중요하겠지만 상장심사를 강화하여 억제하거나 상장폐지를 쉽게 하여 그야말로 좀비 상장기업을 줄인다면 다른 국가들처럼 한국 증시도 힘을 채울 수 있을 것이다.셋째, 천천히 반영되는 것도 괜찮다 : 테마화 되었던 증시 밸류업 이슈2월 초중순 이번 증시 밸류업 프로그램과 관련된 종목군과 업종들이 급등하면서 테마화 되었다. 어떤 이슈가 테마화 되면 순식간에 불타오르는 불꽃놀이처럼 순간 화려하지만, 그 생명력은 짧을 수밖에 없다.시장 참여자들의 실망이 컸던 이유 중의 하나도 밸류업 이슈가 테마화 되면서 관련 종목들이 폭등하기를 바라는 시장심리가 형성되었기 때문이라고 필자는 보고 있다.오히려, 이번 밸류업 이슈가 어제 발표로 끝나는 것이 아니고 이후 5월에도 또 한 번 발표가 있고 꾸준히 보완시켜 나갈 수 있는 여지가 있단 점에서 완급조절의 시간을 벌었다는데 저는 의미를 두고 있다.그리고, 시장 참여자들은 이번 밸류업 이슈를 계기로 시장 기저에 말도 안 되는 헐값으로 거래되는 상장기업들이 많다는 것을 보고 말았다. 시장의 관점이 바뀌는 계기가 마련된 것이다.3 이미지 순서 ON위의 도표는 1991년부터 2024년 최근까지 코스피 시장의 PBR 1x 레벨, 즉 코스피 시장 BPS를 보여준다.IMF사태 전후로 기업가치가 급락한 시기는 있었다만, 이후 한국 상장기업들이 꾸준히 수익을 만들면서 자산을 유보하고 이 과정에서 자산가치, 이익 가치, 배당가치, 성장 가치 등 여러 측면에서 기업가치가 높아졌다.한국 상장기업들은 기업가치를 높이면서 500p에서 2,750p까지 꾸준히 그 수치를 높여왔다.최근 몇 년 동안은 그 성장 속도가 연 3% 수준으로 낮아졌긴 하다만  시장 BPS 2,750p에 연 3% 성장 속도가 이어진다면 3년 후에는 시장BPS는 3,000p를 넘기게 된다. 느린 성장 속도라 하더라도 10년 후에는 시장BPS는 3,700p에 이르게 된다3000p가 일상적인 주가지수가 되는 영역은 지금은 넘을 수 없는 영역이라 보이지만 시장은 천천히 그 방향으로 나아갈 것이다.4 이미지 순서 ON우리가 20여 년 전으로 돌아가 그 시절 투자자들에게 현재 코스피 종합주가지수가 2500p가 일상적인 지수인 것을 말한다면 아마도 허풍선이 보듯 우리를 쳐다 볼것이다.과거뉴스를 찾아보니 1999년 연말 모 증권사는 적정지수를 1500P를 예측하고 H모 증권사의 회장이 주가 지수 2000P가 가능하다고 할 때는 미친놈 취급을 받았다.그만큼 당시 투자자들은 주가지수 1000p는 영원히 넘어갈 수 없는 유리천장과 같은 영역이라 생각 했었기 때문이다.그래서일까? 당시 ELS상품은 코스피가 1000p를 넘으면 수익을 확정하는 구조로 주로 설계되기도 하였다.사람들이 현시점에서 생각할 때 절대 넘어설 수 없을 것이라는 영역은 주식시장이 시간의 힘과 함께 도도하게 앞으로 나아갔다.여기에 실망스러운(?) 밸류업 프로그램에도 불구하고 외국인 투자자는 어제도 오늘도 코스피 시장을 열심히 사들이고 있다.올해 들어 2월 최근까지 10조 원 넘게 코스피 시장에서 순매수한 외국인 투자자 수급은 의아하게 느껴질 정도다. 2020년 연초 동학개미 운동 이후 2022년 6월 말까지 –70조 원 넘는 순매도를 기록한 외국인 투자자의 수급은 이후 1년 8개월여 시간 동안 순매도한 금액에 절반 가까이 되사들였다.다시 찾아온 외국인 수급을 살펴보다 보면 시장에 던지는 중요한 의미를 찾아볼 수 있다.외국인 투자자는 2020년 연초부터 2022년 6월 말까지 –70조 원 넘게 순매도하였을 뿐만 아니라 그 이전 2018년~2019년 미·중 무역 전쟁 과정에서도 순매도세가 나타나고 있었다. 햇수로 5년 동안 한국 증시를 순매도하였었다 보니, 그 시기 외국인 투자자의 존재감은 시장에서 사라졌었다.2018년~2019년의 외국인 순매도는 그리 눈에 크게 띄지 않는 수준이기에 넘어가더라도, 외국인 투자자들이 공격적으로 매도했던 2020년~2022년 6월 말까지의 시기는 다시 한번 짚고 넘어가지 않을 수 없다. 외국인이 한국 주식을 버리고 떠나고 있다는 Sell Korea 징크스가 일어나는 것은 아닌가 싶을 정도였으니 말이다.그런데, 2020년~2022년 6월 말 사이 외국인 투자자의 매도에는 시기별로 다른 스펙트럼이 있었다.5 이미지 순서 ON6 이미지 순서 ON2020년과 2021년 상반기를 주목해보라. 이 시기는 전 세계적인 유동성공급과 동학개미 운동 속에 개인투자자의 폭발적인 국내 주식 매수세가 있었다. 당시 개인투자자는 170조 원이라는 국내 증시 역사상 전무후무한 개인 순매수 기록을 세웠었다. 개인투자자는 주가를 끌어올리면서 주식을 매수하면서 코로나 사태로 수렁에 빠졌던 한국 증시를 살렸을 뿐만 아니라, 코스피 3,300p라는 역사를 만들었다.이후 증시가 수년간 조정장을 거치긴 했으나,코스피 지수는 2000p를 붕괴시키지 않고 2200p 영역에서 지지를 형성하며 오히려 주가지수 2000p를 일상적인 지수로 만들었다.이 시기 외국인 투자자의 순매도는 피동적인 매도였다고 평가할 수 있겠다.2021년 하반기~2022년 상반기까지의 기간엔 전 세계적인 긴축 분위기 속에 외국인의 매도가 증가할 수밖에 없었고 결국 그들의 매도는 아래 호가를 내리패면서 한국 증시를 끌어내리는 원인이 되고 말았다.즉,앞서 언급했던 외국인 매도와 다르게 Sell korea를 외치며 한국 증시를 떠났던 상황이었다.그렇게 한국 주식시장을 수년간 순매도했던 외국인 투자자는 2022년 여름 증시 이후부터 한국 주식을 열심히 사들이고 있다. 2022년 여름부터 2024년 2월 최근까지 30조 원어치나 말이다.7 이미지 순서 ON수급 측면에서도 현재 EPFR의 글로벌 주식형 펀드 자금 유출입 현황을 보면,2월 이후 3주 연속 아시아향으로 자금 유입세가 진행되고 있다. 이중 한국으로의 자금 유입 규모는 51.8억 달러로 같은 기간 경쟁국가인 대만(22.4억달러),중국 (33억달러)에 비해 높다는 점을 볼수 있다2월 외국인의 코스피 월간 순매수 규모 역시 약 7조원대로 4개월 연속 순매수를 이어가고 있는 등 외국인들은 저 PBR 정책 모멘텀 이외에도 ""전세계 경기의 양호한 흐름에 따른 반도체 등 IT 중심의 수출 모멘텀 회복 + 연준 상반기 정책 전환 기대감""에 베팅하고 있는 듯하다대충 매크로나 정부정책이 소강국면에 진입했다 어쩌구로 자금 이탈현상이 일어날 여지는 적어보인다대체 그들은 왜 대규모 순매수와 함께 돌아온 걸까?8 이미지 순서 ON외국인 투자자의 Sell Korea 이후 최근처럼 강력 순매수가 공격적으로 들어온 시기는 과거 2008년 금융위기 직후와 2000년대 초중반 그리고 IMF 사태 직후가 있었다.2008년 금융위기 직후인 2009년~2010년 외국인의 순매수는 한국 증시를 코스피 1,000p에서 2,200p까지 이끌었었다.이후에도 2017년까지 외국인 순매수가 이어지면서 코스닥과 스몰캡 중심의 장세를 만들기도 하였다.2000년 IT버블 붕괴와 2003년 이라크 전쟁 등 혼란스러운 과정을 거치면서 외국인 투자자는 2000년대 초반 2004년 말까지 강력한 순매수를 보였다.그 이전 IMF 사태 때에는 97년에 Sell Korea가 발생하였다. 그런데 당시 뉴스 기사를 살펴보면 1998년에는 5조 7천억 원 순매수 그리고 99년에는 1조 5,162억 원의 순매수를 기록하였다는 기사를 확인할 수 있었다.이렇게 외국인이 순매수한 시기에는 공통으로 개인투자자들이 열심히 매도하였고, 주식시장은 도도하게 주가지수 중심의 강세장이 펼쳐졌다. 그리고 외국인 투자자 그들이 Exit 할 때쯤에는 개인투자자들이 달려들면서 시장의 불꽃을 달구었고 약세장이 벌어지고 말았다.과거 이 역사를 되짚어 본다면 왜 외국인 투자자들이 컴백했는지 분석 해 볼 수 있겠다.→ IMF 사태 직후, 2000년 초 닷컴버블 붕괴, 2008년 금융위기 직후이 시기에 공통점을 쉽게 떠올려 볼 수 있다. 바로 한국 증시가 초저평가된 영역에 있었던 시기다. 하지만 투자자들은 시장에 대한 염증을 느끼고 주식을 매도하면서 도망가고 있었고, 이를 외국인 투자자들은 그야말로 ‘줍줍’한 뒤 시장을 끌어올리고 고점에서 유유히 차익 실현하였다..2023년 여름장 이후부터 외국인 투자자는 30조 원 가까이 순매수를 기록하고 있다. 이 기세가 계속 이어질지는 지켜봐야 할 변수이긴 하나 이런 분위기가 조금 더 이어진다면 주식시장은 답답했던 흐름과는 다른 주가지수 흐름을 만들 가능성이 커질 것이다.과거 외국인 투자자들이 강하게 순매수했던 시기와 현재 외국인 순매수를 보면서 기시감을 자주 느끼곤 한다.9 이미지 순서 ON위의 도표는 앞서 설명한 2010년대 증시와 2020년대 증시를 고점을 맞추어 시계열을 조절한 차트다. 2010년대 초의 강세장은 만 2년 반에 이는 긴 시간이었고 2020년대 초반의 강세장은 대략 1년 3개월의 강세장이었으니 2020년대 증시를 대략 2배 가로로 길게 늘였다고 보시면 되겠다.그때나 지금이나 대외적인 측면에서도 2010년대 증시와 2020년대 증시가 비슷한 면이 있다.바로 한국 증시가 미국증시와 일본증시에 비하여 뒤처지고 있단 점이 말이다.-[오인경의 그·말·이] - 뉴스웰-lovefund이성수-키움 1 2 씹거품3 스캠4 작전5 초전도치 ㅋㅋㅋㅋ 국장수준 내가 가만 보니 돈이 일하게 하는게 아니라 세력이 일하게 하라가 맞는 말이다어떤 병신이 재무제표, 사업보고서 분석하고 업계 상황, 거시경제 상황, 국제정세 공부하고 조사한 다음 자금 조달해서 투자한 다음에 돈이 일하게 하냐?그냥 씨발 딱 들어봤을 때.결론은 존나 허무맹랑한데 과정을 들으면 드라마틱하고 과정과 결과를 같이 들으면 서사가 그럴싸해지는데 재무제표는 적자고 시총은 작고 코스닥이면 더 좋고그런 주식 종목이 디시인사이드 코스피 마이너 갤러리나 혹은 기타 투자관련 온라인 커뮤니티에 소문이 돌기 시작하고 글 올라오면그런 거 하나 잡아서 매수하고 1년 정도 두면 나보다 똑똑하고 나보다 힘있고 나보다 자금력 큰 “세력”님이 알아서 현대미술식으로 차트 기깔나게 그리면서 올려주시는데어떤 개좆병신이 지가 공부해서 지 돈 넣은 다음에 지 좆만한 소액 자본이 일해서 돈을 벌어올거라 생각함?돈이 일하게 해? 이거 말한 새끼는 저능아거나 사기꾼이다. 아니면 조선인이 아니던지. 조선인이면 무조건 저능아 아니면 사기꾼 둘 중 하나다.돈이 일하게 하지마라. 세력이 일하게 하라. 진짜 재앙이네 두창이"
2024-03,"1. 아직 시행되지도 않는 세금(내년 1/1 시행)이라 지금당장은 세금에 영향 안 줌2. 1.5조 걷고 4조 날리기 vs 현행유지하기우크라이나 전쟁, 미국 금리 급격한 인상등 시장 침체여서 2022년 거래세 4조 덜 걷힌 선례있음  금투세로 걷힐 세금은 1.5조로 예상됨근데 금투세 시행시 부자들은 그냥 안 팔고 배당받으면서 버티기 / 아예 코스피코스닥 시장을 떠남 / 장이 박살나서 5천만원 이상 번 투자자 자체가 드뭄 < 이 때문에  1.5조 이상 세금이 걷힐 수가 없음그리고 5천이 직장다니면서 보너스로 버는 돈이라 생각하면 꽤 많다고 생각할 수 있는데, 전업일 경우에는 5천이상부터 연봉 20% 깎겠다는 얘기임주식시장 침체로 4조 가량 거래세 감소된 선례 있는데도 거래세 날리면서 금투세 1.5조 이하로 걷기 vs 금투세 폐지하기  < 지능있으면 뭐 고름????? 금감원은 25일 “좀비기업이 퇴출을 지연해 주식시장에 기생함으로써 투자자 피해를 확산하고 주식시장 신뢰와 가치를 저해하는 코리아디스카운트 한 요인이 되고 있다”면서 상장폐지 회피 목적의 불법행위를 집중조사한다고 밝혔다.금감원에 따르면 최근 3년간 실적 악화 등으로 상장폐지된 기업은 총 44개사(전체 상장기업의 0.6%)로 코스닥 상장사(42개사)가 대부분을 차지했다. 지난해 상장폐지된 9개사는 거래정지 전 2년간 주로 CB, BW 발행 등을 통해 총 3237억원의 자금을 시장에서 조달했다. 금감원은 해당 상장폐지 기업 44개사 중 37개사에서 다양한 형태의 불공정 거래가 발생, 이 중 15개사에 대해서는 조사를 완료해 증선위 의결 등을 거쳐 조치했다고 밝혔다.금감원은 상장폐지를 당한 기업, 상장폐지 위기를 겪고 있는 기업, 상장폐지 위험을 피한 기업, 상장 진입 단계 기업 등을 전방위로 들여다볼 계획이다.자본시장 조사 1~3국, 공시심사실, 회계감리 1~2국을 모두 동원한다.최근 3년간 실적 악화 등을 이유로 상폐된 기업 44곳 중 37곳에서 시세조종, 미공개 정보 활용 등 불공정거래를 적발했다. 이 중 조사와 조치를 완료한 15곳의 부당이득 규모는 총 1694억원에 달한다.금감원 관계자는 “관리종목이나 투자주의환기종목 등 특정 분류 내 기업만을 보려는 것이 아니다”라며 “아예 관리종목에 들어간 적이 없는 기업 중에도 사실상 좀비 기업이 있을 수 있어 자금 조달·사용, 공시, 회계처리 등 각 단계를 따질 것”이라고 말했다.금감원은 이번 조치가 금융위원회 등이 추진하고 있는 ‘기업 밸류업 프로그램’과는 별개 사안이라는 입장이다. 금감원 관계자는 “밸류업 정책을 뒷받침하기 위한 조사는 아니다”라며 “국내 증시의 건전성을 끌어올리기 위해 좀비기업의 숨겨진 부실과 불법행위를 명백히 밝히고, 해당 기업을 적시에 퇴출되도록 할 것”이라고 했다. 1 이미지 순서 ON2 이미지 순서 ON3 이미지 순서 ON4 이미지 순서 ON [시리즈] 코스피 외인 · '코리아 디스카운트'에서 벗어날 희망과 외국인 순매수추이 · 한국증시 도약을 위한 밸류업프로그램 : 실망적인가 · 외국인 순매수 11년만에 역대 최고폭 위의 자료는 코스피 종합지수와 외국인 투자자의 누적 순 매매(코스피+코스닥)추이를 보여준다한눈에 보더라도 2000년 초반과 2010년대 그리고 이번 2022년 하반기 이후 3번의 추세적인 외국인 순매수세가 이어지고 있음을 확인 할 수 있다.외국인이 코스피+코스닥 양시장에서 조 원대 순매수를 기록한 사례는 2003년 이후 최근까지 총 24번이 있었고 그중에서 5번이 올해 2024년에 발생했다외국인의 매수세가 꾸준히 지속되는 시장에서는 시장은 심각한 충격 없이 추세적인 상승을 만들기 시작한다.마치 무거운 로켓을 1단 추진 로켓이 하늘로 띄우는 것처럼 말이다.그리고 이후 다른 수급들이 들어오면서 증시가 본격적으로 상승하면 외국인 투자자는 매도세를 만들고 서서히 차익실현을 해나가 시장의 상투를 만든다이번 2022년 하반기부터  시작되고 2024년에 폭발적으로 증가한 외국인 순매수 증가는 이러한 과정 중 증시를 처음 부양시키던 2000년대 초반과 금융위기 직후부터 2010년 초중반을 연상하게 만든다.lovefund이성수"
2024-04,"금투세나는 5천 못버니 상관 없다고??? ㅋㅋㅋㅋㅋㅋㅋㅋㅋㅋㅋㅋㅋ니 100이하 아이큐로 쉽게 이해되게, 아주 쉽게 극단적으로 말해주께.너는 빡대가리 지만 5천이상 버는 사람이 대충 표본 오류로 잡아도 15만명(다수 계좌 쓰는 사람 반영 안 시키고, 금투세 시행 주장하는 새기들 부자감세 논리로 떄려잡은 수치)너보다는 투자금액 당연히 크겠지?근데 이런 큰손들이 금투세 개 빡쳐서 시장 빠져나간다?선거후 코스닥 1일 거래대금 8조 수준 개 존망현재 개인투자자 해외로 빠져나간 자금만 1000조이런 사람들이 해외로 다 빠져나가면?유동성 폭망, 호가창 텅텅, 안그래도 매력없는 시장 니 와꾸에 곰보빵 핀거 처럼 인기 더 없어짐걍 시장 자체가 폭망하는거야그럼 코스피 시총 추월한 대만같은 나라는 골비었다고 양도세 철회하고거래세 0.15% 만 처받냐?거래세+ 금투세 세계최고 티어 세율.이런데도 나는 5천 못버는 개대가리 걸뱅이 새기라서 상관없다?평생 그렇게 살아라. 이건 너를 욕할것도 아니다. 니 대과리가 그렇게 타고 태어난걸.미안."
2024-05,"한국주식 투자자들에게 해주고 싶은말 1.코스피 인버스는 위험하다 반대로 코스피 레버리지는 안전하다. 2.코스닥 인버스는 꾸준히 투자할만하다 반대로 코스닥 레버리지는 위험하다. 3.주식사고 수익나면 10% 정도는 꾸준히   코스닥 인버스나 코스피 레버리지를 매수해서 물량 모아놔라 무조건 수익난다. 4.그동안 번돈도 1억인데 그동안 수업료로 9천만원 가까이 낸 경험이다. 1 이미지 순서 ON2 이미지 순서 ON3 이미지 순서 ON - dc official App 슈반꿀은 그냥 병신컨셉으로 웃긴옷 입고 떠드는 방송용이고현대차 관련 펀드 더블하이닉스 관련 펀드 트리플엔비디아 관련 펀드 펌핑그리고 최근 원자재 펀드 매도해서 돈 존나범ㅇㅇ그리고 영포티 이지만 정부행사 서울시행사 다니면서 부동산 산 것도 평가이익 좆됨2022년 3pro tv 220만 유튜브에 281억 세전 영업이익 공시 나왔었는데 https://www.google.com/amp/s/m.yna.co.kr/amp/view/AKR20240229177400008 삼프로TV, 코스닥 상장 불발…사업모델 지속성 '의문' | 연합뉴스(서울=연합뉴스) 조성흠 기자 = 코스닥시장 상장을 추진하던 유튜브 채널 삼프로TV 운영사인 이브로드캐스팅의 상장이 불발됐다.www.google.com환율 1.2배유튜브 320만 (281억 삼프로 220만)광고 전석재가 더 많이 찍고다님슈반꿀 은 컨셉이고 니니한테 너도 하이닉스 사라고 펌핑 전에 말해줬던것 등 트레이더 출신이라 동료 트레이더에게 받는 정보 질도 개미보다 좋아서투자수익 현재 개쩐다고 함합쳐서 세전 500억대물론 세금떼고 마누라 쓰고 운영비 떼고 뭐떼고 하면 남는거는 적지만 백억대는 1년간 벎 ㅇㅇ요약아줌마 옷 입고 이상한 소리 한다고 해서 좌빨영포티 라고 무시하는데 돈버는 이득 챙기는것 까지 병신인 아재가 아님반대로 돈 잘벌고 삶 ㅇㅇ 어케 생각하노  - dc official App 시총좀 오르면 물적분할 10년넘게 코스피 2000타령 배당 무증 주주환원은개뿔 지들 돈이없으면 기업대출 안받고 주주들한테 유증때리기 상속해야한다고 주가누르기 장끝나고 좆같은 공시 올리기 심지어 금투세 도입까지한데 < 유일한 장점마저 알아서 삭제해서 국장하지말라고 법만들어줌 정보의바다로 국장 하는게 왜 병신새기인지 모든게 증명됐는데도 꾸역꾸역 국장한다 걍좆병신 국장 유일한 장점이라고 차익실현 세금 안내기 변동성으로 단기간에 수익챙기기인데 이미 미장은 레버리지 상품 존나많아서 3배 2배 레버리지 ㅈㄴ많음 굳이 국장 변동성 아니여도 미장 변동성도 ㅈㄴ큼 물려도 나스닥에 물려라 전세계 모든증시가 신고가 인플레 화폐가치 하락으로 무조건 주식이 상승하는 구조인데 유일하게 병신같이 혼자 하락장 하고있는 코스피 코스닥아직도 국장에 돈넣고 투자한다? 걍병신련 상위 1%의 초고수 아닌이상 국장 고집할이유 x 아직도 병신처럼 코스피 투자한다? 걍 나가뒤지센세금내더라도 무조건 나스닥 ㄱ 공짜 찬스인데 종배 안한 ㅂㅅ 여기있어요...ㅜㅜ 코스닥 개씹 버블이라는 신념 버리지 않고 1년 넘게 드럼치며 물타기하며 버텼는데 월욜엔 양전해주겠지? ㅠㅠ  - dc official App 월요일도 확정이라는거냐????그걸 미리반영해서 내렸다고????? 개미들이 코스닥 인버스 팔고 레버리지 샀다?월요일도 우리 버스 안전 운행합니다 ㅋㅋㅋㅋㅋㅋㅋㅋㅋ 최소 월~화까진 푸근할듯 ㅋㅋㅋㅋㅋㅋㅋㅋ 코스닥 곱버스 종배하면 2% 수익 공짜야? 노란선이 코스닥 전체 p/e 인데2020년 코로나 랠리 때도코스닥 전체 p/e 가 70~80배 였는데지금 110배 찍고 내려와서 90배 수준임.개별 종목도 성장성 감안해서 p/e 50배 이상 주면아... p/e 높다... 라고 들어가기 부담스러워 지려고 하는데하물며 저건 지수임... ㅋㅋ지수 p/e 가 100배를 넘어섰다가 90배로 내려온거.. ㅋㅋ 코스닥150 인버스 들이박으면 되는거 아니냐?연속 하한가면 무조건 더 오를텐데 코스닥 예상 레인지  코스닥 400 포인트 예상  - dc official App HLB 월요일도 기대중 시부랄 보수정권 ㅋㅋㅋㅋ 박스피 정권 ㅋㅋㅋ 이번엔 다를 줄 알았다 ㅋㅋㅋㅋ 그래도 코스피는 수출주니까 신고가 한번은 만들고 박스피 될수도 ㅋㅋㅋ 코스닥은 니미 사팔사팔 이나 잘해라 ㅋㅋㅋ 사진보면 뭐가 느껴지냐? 빠르다고 하는 다른 바이오주라고 해봐야 야생의 hlb에게는 고작 개일뿐이다. 몇초 늦게 출발하더라도 우월한 차이로 따돌릴 수 있는 아예 종자가 다른 놈이다. hlb는 그저 가만히 앉아서고고하게 관망하고 있을뿐이다. 다른 바이오주들이 아무리 날뛰어봐야 진양곤앞의 fda일뿐 .. 결국 최강자는 hlb가 될게 뻔하다. hlb는 밸런스를 위해.. 경기의 흥을 위해.. 잠시 쉬어주는것뿐.. 이제 출발한다 코스닥 시장의 hlb가... 다른 바이오주들은 직감적으로 긴장하기 시작했다... H-L-B 내가 거짓상승이라 햇제 ㅋㅋㅋㅋㅋㅋ  코스닥 분석 https://m.dcinside.com/board/kospi/3815935 코스닥 상승이 거짓인 이유[한국증시 분석 - 코스피 마이너 갤러리오늘 코스닥 일별차트 JPG  오늘 캔들  과거 코스닥 차트  설명 자료   - dc official Appm.dcinside.comhttps://m.dcinside.com/board/kospi/3813895 속보))현재 코스닥 상황 JPG - 코스피 마이너 갤러리그냥 주식 가지고만 있어도  최소 7%에서~ 최대 13% 손실 ..... 평균 ㅡ9% 하락  - dc official Appm.dcinside.com1 이미지 순서 ON2 이미지 순서 ON3 이미지 순서 ON 현재 코스닥 상황 JPG 4 이미지 순서 ON5 이미지 순서 ON6 이미지 순서 ON코스닥 평균 ㅡ25%  코스닥 주식 가지고만 있어도 ㅡ20% 이상 마이너스 ㅋㅋ  - dc official App 갭락한거나 다름없음 ㅋㅋㅋㅋ - dc official App 솔직히 다들 알고있었자나 진짜 징하다 에휴.  - dc official App 해보지도 않고 불만과 걱정하는게  ㅇㅈㄹ시발이게정책짜는 자리에 있는 사람이할말이냐?민식이법 마냥막지른법애새끼들이 민식이 놀이 ㅇㅈㄹ으로좆되가는데후속조치 뭐라도 햇냐?더구나금융에 이해라도 가진 상태로과감한 조치로써 지르는것도 아니고좆도 이해 없는데 지르는게존나게 위험한 새끼들임코스피ㆍ코스닥ㆍ한국시장 끌어 올리려면ㄹㅇ 저딴 미친새끼들부터손보는게 맞음정치이전에상식적인 수준에서법만드는 새끼 입에서일단 해보자 ㅇㅈㄹ 하는게ㄹㅇ 국민수준 보여준다 생각한다9급따리 공무원보다도금융시스템 이해 없는게 말이되나?코스피 ㄹㅇ 좆되기 카운트 다운 하는거 같노 1 이미지 순서 ON황호철 - 1초에 판단 1초에 매수 나머지 1초는 휴식2 이미지 순서 ON이희.진- 도끼는 불우이웃3 이미지 순서 ON미행연구 - 왜??4 이미지 순서 ON라임 김봉현 - ""난 경지에 오른 사람""5 이미지 순서 ON염블리 -  ""코스피 3000선 지지 확실…4100도 가능하다"" (2021년 서울 머니쇼 강연장에서)6 이미지 순서 ON권도형 트윗: 테라 페그 담보로 3억 만 달러를 유치하겠다.질문: ""진지하게 묻는데 그 3억 만 달러 어디서 나옴?""권도형: ""당연히 니 엄마한테서""7 이미지 순서 ON인줌마 - ""난 평생 단 한번도 손절 쳐본적이 없다. 나에겐 오로지 익절뿐이다""8 이미지 순서 ON신라젠 문은상 - ""펙사벡으로 말기암 환자도 살릴것""9 이미지 순서 ON김정환 - 안녕하세요 200억 슈퍼개미 김정환입니다10 이미지 순서 ON냉철 - 잔잔잔잔 매수하고, 잔잔잔잔 매도한다11 이미지 순서 ON존리 - 아니요 (주식 인증가능하냐는 질문에)12 이미지 순서 ON라덕연- ""손실 가능성 제로""13 이미지 순서 ON슈카(전석재) - 금투세 그냥 세금이 오르나보다~~ 금투세는 정치이슈 입니다수많은 위인들과 함께하는코스피 코스닥가슴이 웅장해진다 1 이미지 순서 ON2 이미지 순서 ON3 이미지 순서 ON4 이미지 순서 ON코스피만 벨류업 프로그램  코스닥은 애초에 포함도 안되어있다  그리고 년차트만 봐도 ㅋㅋㅋ 코스닥 개버러지 시장  5 이미지 순서 ON - dc official App 오늘 코스닥 일별차트 JPG  1 이미지 순서 ON오늘 캔들  2 이미지 순서 ON과거 코스닥 차트  3 이미지 순서 ON설명 자료  4 이미지 순서 ON - dc official App 코스피 빌빌대는거 보면 아휴 씨발 그냥 한숨 나온다코스닥은 존나개 빼놓고선 하나마나한 상승 ㅋㅋㅋㅋㅌㅌ 1 이미지 순서 ON2 이미지 순서 ON3 이미지 순서 ON4 이미지 순서 ON5 이미지 순서 ON6 이미지 순서 ON7 이미지 순서 ON8 이미지 순서 ON그냥 주식 가지고만 있어도  최소 7%에서~ 최대 13% 손실 ..... 평균 ㅡ9% 하락 9 이미지 순서 ON10 이미지 순서 ON - dc official App 1 이미지 순서 ON 일봉 흑삼병 ㄷㄷㄷㄷ  저번주 금요일 39분봉 흑삼병  https://m.dcinside.com/board/kospi/3807152  ●코스닥 큰일났다  - 코스피 마이너 갤러리 30분봉 흑삼병 떳다 ㄷㄷㄷ  - dc official Appm.dcinside.com2 이미지 순서 ON - dc official App 30분봉 흑삼병 떳다 ㄷㄷㄷ  - dc official App 무슨 주식 악재 뉴스 나왔는데전날 외국인이 샀으니까 별로 안 떨굴지 몰라아니 오히려 오를지 몰라염불 외는 네이버 종토방 새끼들도 아니고그 외국인이 김치 잘 먹는 검은머리털 외국인인거 모르고 개소리하는거처럼민주당이 전에도 유예했으니 이번에도 유예할거라 존나 나이브하게 믿고 대충 주식하면서 -30% -40%에도 손절 못 하는언제나 그랬듯 처맞고 울 병신 새끼들이 몇 명 보이는데민주당은 2020년에 유동성 장세로 코스피가 박스권 돌파하자마자기다렸다는듯이 금투세를 꺼냈음이게 무슨 말이냐? 오래전부터 온갖 딜이 얽혀있는 금융권으로부터 받은 사안을 갖고 기다렸다가세금을 걷을 명분이 생긴 타이밍에 그대로 돌진한거임전세계적인 유동성장세말그대로 돈이 존나 풀려서 자산 가치 거품이 미친듯이 부풀어오르던 그 타이밍에금투세 들고 나와서 수익이 있는 곳에 세금이 있어야 된다 이지랄한거임코스피 코스닥이 존나 올라서 주식하는 사람들이 떼 돈을 벌어?그럼 그 말이 맞아주식으로 자기 자산이 10배 늘어 났는데 그중에 20% 세금 못 내겠냐?근데 그렇게 코스피가 치솟던 때 2020년에도주식하던 사람들은 다 알고 있었어이 좆같은 코스피 이거 오래 못 간다이 쓰레기 증시 절대 계속 상승 못 한다처박을땐 남들 배로 처박고오를땐 못 오르고외국인 파생시장 밥 먹이느라 뒤통수 존나 처맞고진짜 개쓰레기 증시라는거 그거 민주당 새끼들이 모를거 같음? 그 새끼들한테 들이미는 a4 용지 한 장에 충분히 다 올라감그럼 이 새끼들이 그 a4 용지를 받아 보고 하는 생각은 뭐냐?아 대충 5천에서 끊어서 5천 위부터 세금 징수 한다고 하면 반발하는 사람 별로 없겠네이 지랄을 하는거야왜냐면 5천 이상 버는 개미가 별로 없으니까존나 단순하게 생각하는거지근데 그 단순한 생각에 놀아나는게 좌빨 새끼들이고근데 거기서 끝이 아니라 5천에서 시작해서 4천 3천 2천 계속 내리지코로나 유동 장세처럼 조금이라도 코스피가 활황 면을 띄면그대로 그게 세금 징수의 이유가 되는거야애초에 그렇게 시작한 새끼들인거든근데 그걸 입법해 놓고 욕을 존나게 처먹었어요그래서 이걸 그대로 밀어부치다간 1년 뒤에 있을 대선에서 민주당 주자한테 불이익이 있을 수도 있을거 같애동시에 일단 입법 시켜 놓고 시간이 지나면 사람들의 예민함이 사그러들거든?그래서 일찌감치 입법은 시켜 놓은거지그리고 대선을 윤석열이 1%도 안 되는 차이로 이겼어그러니까 머리를 숙일 일이 있냐?존나 날뛰는거지근데 총선이 또 얼마 안 남았어그래서 눈치를 보면서 유예를 시킨거야그와중에 온갖 것들이 다 터졌지대장동은 더 드러나고조국은 사실상 징역이 확정된 상황이야근데 총선을 했더니ㅅㅂ이재명 조국 지지자 도합해서 190석이 나왔네??이런 상황에서 눈치를 보긴 뭘 봐 이새끼야눈치를 왜 봐?눈치를 볼 게 아니라 일단 시행하고 나서폭탄을 맞으면 그 맞는 대로 그냥 윤석열 정부에 책임 돌리고나중에 자기들이 법 개정하는 식으로 다시 표몰이 하는거지"
2024-06,신저가들 왤케많노 ㅋㅋㅋㅋㅋㅋㅋㅋㅋㅋㅋㅋㅋㅋㅋㅋㅋㅋㅋㅋ공매도 하는줄 ㅋㅋㅋㅋㅋㅋㅋㅋㅋㅋㅋㅋㅋㅋㅋ 어디서 돈이 화수분처럼 쏟아지는지 모르지만자꾸 꼴아박아주심.기분 좀 맞춰드린다고 가끔 좀 따거나 많이 따게도 해드리면죶같다고 하시면서 그 맛을 잊지 못해 다 꼴아박을 때까지 해주심.형님들만 믿습니다. 1 이미지 순서 ON코스닥 1996년 지수 100으로 개설 2 이미지 순서 ON2004년 지수를 열배해서기준을 100에서 1000으로 바꿈3 이미지 순서 ON현 코스닥 지수 852 1996년부터 2024년까지코스닥에 28년을 장투하면 -15%의 엄청난 수익률이 가능함 이래도 국장 장투를 안해?금투세도국장을 하는 개인 투자자들이어떠한 주식을 사더라도최소한 28년씩은 장투하라는 의미에서그 이전에 팔때마다 무려 원천징수로 징벌을 가하는거임개인 투자자들이 단타의 못된길로 빠지는걸 원천차단한다는 의미에서 보면국가가 얼마나 우리들을 사랑하는지 느낄수가 있다 52주 신저가도 엄청 쏟아지는구만 코스닥 투자자들 살아있기는 함? 엔비로 달달하게 먹고 닥버스로도 먹으니 가버렷
2024-07,"1 이미지 순서 ON종합실적 손익 + 28,669,996원 제비용 14,988,076 *배당금 약 2천만원 제외 2 이미지 순서 ON3 이미지 순서 ON4 이미지 순서 ON실적 베스트 종목 1위 삼성 인버스 2X 코스닥150 선물 ETN 2위 삼성전자 3위 KODEX 코스닥150레버리지 5 이미지 순서 ON6 이미지 순서 ON실적 워스트 종목 1위 서울가스(CFD 사태 종목중 하나임) 2위 서남(초전도체 테마 당시 3억 단타 들어갔다가 10초 손절) 국장은 이마트 쳐물린거 빼고 전부 정리하고 달러 엔화 미국주식으로 자산을 전부 옮겼읍니다 코스피 갤러리에서 햄버거도 200개 정도 쏴보고 짧은 기간이지만 파딱도 해보고 재밌었읍니다 7 이미지 순서 ON8 이미지 순서 ON다들 대박나세요 그럼 안녕! 9 이미지 순서 ON10 이미지 순서 ON 개미들 단타 실력 올라가니 그냥 세력이 자금빨로 단타쳐서 개미 털어먹는 느낌임뭐 20% 30% 쏘는 종목도 개미들은 먹을 수가 없게 올리니 답이 있나.연일 상승하는 종목도 분봉 보면 그다지 수익 보는 사람이 없음. 무지성 홀딩러 뿐.문제는 오를 이유 확실해서 90% 승률 기대하고 장투하면 나락가는 경우가 많아서, 장투로 몇 종목 찍어 먹을 수는 있지만 총 수익률은 나락인 경우가 많음.몰빵 장투? 일부러 주가 누르기까지 하는 코스피 코스닥에서는 개 쌩 도박임.여기에 제도권에서 개미는 손해보고 기관이랑 외인만 이득보는 구조는 끊임없이 만들고.기관이 쌔지면 연결 된 정치권 힘이 강해지는거고.외인이 쌔지면 나라 팔아먹는거임.대체 어쩌려고 이 지경 만든거냐? 1 이미지 순서 ON2 이미지 순서 ON3 이미지 순서 ON이정도로 노골적인데 무슨 금투세가 선동이니 이러고있으니까 답답하다. 노골적으로 거래대금이 그날 이후로 다 말라비틀어졌고 그돈이 미장으로 가고있고 금투세 자체는 건보료 까지합치면 최고 세율 + 원천징수라는 미친 징수제도인데 이걸 반대를안해?투자로 돈버는사람맞음? 코스닥 하락종목 1331개 상승종목 261개코스피 하락종목 771개 상승종목 170개 전달 대비 다 박살났노 이기  - dc official App"
2024-08,"간만에 코스닥 시총 상위 100개 종목 싸악 훑어보는데 진짜 이따위 개쓰레기 저열한 증시에서 금투세를 한다는게 새삼스레 개처럼 빡이 치네 절반 정도는 eps 마이너에 per 존나 높고나머지 절반 정도는 per가 낮아도 미래가치까지 낮고 주주환원이 병신같으니까 주가가 절대 안 오름 ㅋㅋ오르는건 죄다 언제 좆박을지 모르는 불투명한 미래 가치 끌어다 쓰는 테마주고저평가인 주식은 회장이 자식물려주려고 주가 부양을 안하니 그냥 바닥에서 기어다니고 ㅋㅋ다시 한번 느꼈다금투세까지 시행하는 마당에 국장에 뭐 먹을게 있다고 붙어있는거 자체가 그냥 대가리가 터진거임여자로 비유하자면그래도 말 통하고 같은 나라 사람이라고 괜히 더 마음이 가고 어떻게든 잘 해 보고 싶고 그런 생각이 당연히 있을수밖에 없는데안그래도 ㅅㅍ 존나게 못생기고 가슴도 납작한 년이좆같은 표정 지으면서 자기랑 시간 보내면서 돈 벌었으면 본인 지분도 있는거니까 명품백 사게 돈 내놓으라고 반말 찍찍 해봐라씨발년아내가 똥양남이라 현실에서 갓양녀 만나긴 어려워도미국주식은 얼마든지 살수있어 개같은년아 사모펀드 엮인건 뭐 여기애들 정도면 다 아는 내용일텐데그거 외에도 엮인 문제들이 존나 많네민주당이 괜히 금투세 카드를 들이민게 아니고굉장히 오래전부터 치밀하게 준비해왔다는걸공부하면 할수록 알게되네일단 금투세 시행하면코스닥 및 중소형주들은 절대 오를수가 없음..아마 현 시점 가격대비70-80프로는 더 빠질거임(왜? 쩐주들이 돈대줄 이유가 없으니깐)그리고 금투세를 할려면 최소한 거래세 농특세를 폐지해야 하는데이 농특세를 건드릴수가 없는 상황임.단순히 5천만원 이상 수익난 사람들에게 세금을 걷고상위 1프로만 세금 내는데 나머지가 왜 난리냐? 이 프레임에서 못벗어나면지금 집없는 애들은 서울 수도권은 물론이고지방 광역시 노른자 동네에도 아파트 못삼완벽히 부의 사다리를 걷어차는 철저하게 준비된 법안이 금투세임민주당 새끼들 머리 존나 좋은듯 다른계좌에서 매도해 신용계좌로 현금을 옮겨서 그걸로 신용을 더 얹었는데요 형님이 장초에 바닥이라고 3 4퍼에서 다 삿더니 거기서 10퍼가 더 빠져서 좃망햇읍니다 그리고 나서 다시 여러종목을 팔아서 코스피200과 코스피레버리지  코스닥과 코스닥레버리지를 계좌 10퍼정도 담앗습니다 이건 잘한 선택이고 재수가 좃나 없엇던것은 물량 존나 늘린 dl과 밥캣과 반도체가 대폭락해서 회복이 ㅇ안됏고 dl 및  여러개를 손절하고 다른쪽으로 옮겻습니다 시장 급락 패닉셀 시 개별주가 아무리 바닥같아보여도 개별이슈 및 반대매매 또는 로스컷물량, 어닝미스 등으로 인해 더 빠질수 있다는 것을 잠시 무시햇는데 급락장 센티는 악재에 상당히 민감하기 때문에 개별주는 반등못하고 재차 폭락가능하다는것을 잘 새기도록 할것 그렇게 전철에 뗘들어 케챱되고 한강에 뗘들어 잉어밥되는 겁니다 1 이미지 순서 ON귀를 닫고 이슈를 멀리하세요 코스피 2300대를 찍고왓읍니다 코스닥은 22년과 코로나때 건드린 레벨을 찍고왓습니다 신용이 잇다면 줄이거나 아주 보슈적으로 잘 관리할 필요가 잇긴하지만 시장에 머물러있으세요 경기침체가 와도 이건 침체 찍고 온거라 생각하세요 2 이미지 순서 ON3 이미지 순서 ON그렇게 전철에 뗘들어 케챱되고 한강에 뗘들어 잉어밥되는 겁니다"
2024-09,"뭐 좌파가 감성적이다 이딴 개소리는 의미없음.김건희 미친년 개고기 제도만 봐도.기본적으로 이거임.좌파 - 남이 나보다 못난 것에서 쾌감을 느낌우파 - 내가 남보다 잘나지는 것에서 쾌감을 느낌아게 그냥 일상으로 가면우파성향 쓰레기들: 일단 스스로 노력함. 근데 그럼에도 내가 잘나지지 못하면 남보다 잘난 점을 찾아내서 그 측면을 부각시켜 남을 깔아뭉겜.좌파성향 쓰레기들: 내가 못났다면 남도 못나지도록 상황과 사상을 조종하려 함.근데 이거 때문에 경제는 우파가 잡는게, 그나마 천천히 망함.(어차피 지금 누가 잡아도 망할 만큼 윗대가리들이 병신임)병신 우파가 잡으면 그냥, 지들 해처먹으려고 병신전략 내 세우는게 뻔히 보이는 개그콘/서트인데.병신 좌파가 잡으면 지들을 신격화 하면서 해처먹으니 뇌 절반 빠진 대다수의 국민들은 이게 해처먹는건지도 모름.그 결과가 오늘의 코스피 코스닥임. 아주 고약한 새끼들이란 말임  쯔양이 먹방찍다 코스닥 상장한다는 소리말고 아저씨들 걍 증권사에서 뽀찌나 받아먹으면서 사세효 많은 사람들보게 개추점 언제는 뭐 토론회에서 결판내겠다 이러다가  - dc official App 현재 온갖 전문가들이 다들 침체와 주가폭락을 경고하고 있음 하다못해 방구석 백수새끼들까지 새벽에 fomc생중계를 보면서 장단기금리 정상화되면 좆되고 침체는 갑자기 찾아오며 11번의 불스티프닝중 10번에서 경기침체가 발생햇고 그중 몇번은 역사적인 대폭락이 찾아왔다는 것을 다 알고 있음 job opening과 슨피지수 미 경기선행지수와 슨피지수 oecd경기선행지수와 슨피 코스피 다 주가 하방 위험을 경고함 근데 방구석 백수까지 모두다 그걸 알고 있음 어떻게 될지가 너무 궁금하다 켄피셔가 자주 하는 말처럼 예상이 제일 많은 쪽이 틀릴지 소수의견인 슨피6천넘고 멜트업장세 온다 이런 일이 벌어질지 나는 다만 침체와 하락이 와도 코스피 코스닥의 하락은 크지않다는 생각에 계속 매수만 하고 있음 겸손하지않으면 시장이 겸손하게 해줍니다 평생 운동이나 하던 개병신새끼들이 완장찬지 20년만에 재명세 맞고 사망 제조업의 박정희 이병철 정주영은 있었지만 금융업의 박정희 이병철 정주영이 없었다 1 이미지 순서 ON2 이미지 순서 ON3 이미지 순서 ON이젠 등장만으로도 코스닥 하락 ㄷㄷㄷㄷㄷㄷㄷㄷㄷ 2005년이면 거의 20년전인데이때도 700이 넘었네 ㅋㅋㅋㅋ뭔 씨발 20년동안 발전이 1도없는 국가가 있냐 코스닥 올해 -18%래  미국 S&P500은 15%올랐는데  -18%면 -33%차이노 전쟁치루고있고 왕따당하는 러시아보다 못하고  경기침체 겪고있고 내리막길인 중국보다도 못하데  민주당진짜 죽이고 싶노 오늘은 6.1조네 자랑스럽다 ㄹㅇ 유능하면 올해 개나소나 폭등하던 주식시장에코스피,코스닥 좆박은게 말이 돼냐?정작 다른나라 떨구니까 같이 떨구는 클라스 ㅋㅋㅋ 지금까지 지수 퍼포먼스가미국이랑 코스피, 코스닥이랑비교가 된다고 생각하는거냐?지능이 있는 새끼임?미국은 존나게 상승하다가 이제 겨우 쬐금 조정받는거고국장은 금투세 불확실성으로 주구장창 병신이었는데여기다 대고 미국도 진성준이 때문에 떨궜냐 이지랄쳐하고 있네어휴... 씨발 진짜 쳐죽이고 싶네. 1 이미지 순서 ON 아.....  대단하다 이재명! 2 이미지 순서 ON3 이미지 순서 ON4 이미지 순서 ON 기준지수가 1000인데30년후에 700 ㅋㅋㅋ이게 나라냐?"
2024-10,"현재  상장하는회사들 대부분이 코로나시즌 pre  ipo를  진행했던회사임  이익이 나지않는 기업들이 돈 흥청 망청쓰다가  돈떨어져가고 장외서 투자받을길이 없어짐. 투자자입장에서도 pre  ipo로 들어왔는데 얘네한테 풋행사해서 돈내놔라 해봤자 돈이 나올거같지가 않으니  일단 어떻게든 폐기물들  계속 시장에 풀어놓는중. 걔중에도 좋아보이는 기업 이노스페이스,에이에스텍,하스 등 이익이 나거나  당장 내년부터 기업이 천지개벽할거다 라는걸 제시한 회사도있음. 힌지만 대부분은 폐기물임. 제일 막장은 큐라티스라는 회사인데. 상장당시에도 공모자금받아도 자본잠식이었음 (아무리 공모자료에 써놨다해도 이걸상장..?) 그 이후로 자기 시총보다 더 큰 규모의 메쟈닌(cb,bw) 폭탄을 시장에 풀어버렸고 상장 이후에도  수차례 증자를 찍었음. 상장한지 1년도 안되는 시간동안 자본조달을 많이했으면 사업이 잘되어서 주주한테 보답하면 되는데 이전 대표한테 고소도 당하고 계약위반으로 고소당하고 최근에는 주주배정 유상증자를 계획했다가 자본잠식으로 환기종목 지정되고 유증이 불가능해져 철회하고 불성실공시법인지정 되는 등 대형사고를 치고 대표이사이자 최대주주 조관구씨가 사퇴하는등.. 1년도 안되는 시간동안 계속 사고를 쳐댐. 이런회사가 코스닥 상장하는게 말이돼?? 물론 기업이 상장하는걸 막을수도없고 그래서도 안됌. 다만  ipo문턱을 높이던.. 코넥스를 적극활용하여 우선 코넥스를 거쳐서 코스닥으로 올수있게끔 했으면좋겠음. (코넥스 시장 활성화도 동반) 두서없이 썻네 곧 점심인데 점심마싯게머거. - dc official App 코스피 코스닥 망했다는 영상마다 댓글에 저 지랄임니같으면, 니가 사장이면 득도없는 주주환원을 왜 쳐 하냐경영진도 엄연히 주주임주주한테 도움 되는 일이면 경영진에도 도움이 된다 기본적으로. 그게 니들이 들고오는 외국 사례임.당연히 국장도 제도만 말짱했으면 환원을 하지ㅅㅂ 환원해서 경영진 지분 늘어나는 순간 상속세 법인세 폭탄인데 누가 쳐 하냐고정상적인 대가리면 하냐?무슨 기업을 자선단체로 알고 자빠졌네NGO 마인드를 기업에 적용하고 오히려 NGO는 까방권에 각종 면세혜택 ㅋㅋㅋㅋㅋㅋ잘 돌아가 아주프랑스 망하는거 그대로 따라하지 아주.교육부터 경제까지. 1. 코넥스까지 가서 돈꼬는 병신 개미들 빼고는피해자가 확 줄어든다2. 따라서 구주매출로 개꿀엑시트하려는좆같은 새끼들 계획이 좀 틀어진다3. 기술특례 이지랄하는 새끼들 코넥스에서 3년은 버티나 보자4. 코넥스에서 한번 거르고 무려 3년동안 썩히기 때문에코스피 코스닥에 끼칠 해악이 줄어든다컄ㅋㅋㅋㅋㅋㅋㅋㅋㅋㅋㅋㅋㅋㅋ- dc official App 다들 어려운 장에도 수익을 위해 애쓰시느라 고생많으십니다. ​ 오늘은 이번 보궐선거 결과에 따른 금투세 향방에 대한 개인적인 예상을 써봅니다. ​ 10월 11일 사전선거, 10월 16일 본 투표를 통해 ​ 서울특별시 교육감 부산 금정구청장 인천 강화군수 전남 곡성군수 전남 영광군수 ​ 이렇게 총 5개 지역의 보궐선거를 진행합니다. ​ 우선 5개 지역 중 3곳 이상을 민주당이 차지할 경우 제 예상 시나리오입니다. ​ ​ ​ 1. 기본적으로 민주당은 금투세를 이재명 대표의 사법리스크와 딜을 쳐서 교환하려는 계획(개인적 생각) ​ 2. 그 와중에 전 대통령의 딸이 음주운전을 하여 딜을 할 건수가 추가됨(따라서 전 대통령의 딸에 대한 적극적 방어를 포기, 조국 조국혁신당 대표도 발빼는 분위기) ​ 3. 그러나 보궐선거에서 이기면 분위기 대반전 ​ 4. 전 대통령 딸이 음주운전을 해도, 금투세 반대가 그렇게 심하다고 투자자 1400만명이 등돌린다 난리쳐도 "" 결국 이기잖아? 항상 그래왔듯이 냄비근성으로 끓었다 식겠네 "" 라는 결론 도출 ​ 5. 코스피, 코스닥 거래대금 부족으로 인해 초전박살 나기를 기다리며 금투세 결론발표 무한 연기 ​ 6. 결국 박살난 증시로 인한 국민 원성을 통해 사법부를 압박하여 이재명 대표의 사법리스크와 금투세의 딜에 성공(그래봤자 유예, 이미 코스피는 2천 초반대 또는 그 이하로 박살) ​ 7. 이재명 대표가 사법리스크를 모두 벗어내고 차기 대통령 당선 ​ 8. 당선 후 그동안 미뤄왔던 금투세 진행(님도보고 뽕도따는 전략) ​ ​ 다음은 서울특별시 교육감 여론조사입니다. 박빙입니다. ​ https://www.polinews.co.kr/news/articleView.html?idxno=666769 ￼ [에브리리서치] 서울시교육감, 정근식 31.1% vs 조전혁 30.2%.. 초접전 양상 지속 - 폴리뉴스 Polinews [폴리뉴스 김승훈 기자] 오는 16일 예정된 서울시교육감 보궐선거에 대한 여론조사 결과 진보 진영 정근식 후보와 보수 진영 조전혁 후보가 오차범위 내 접전 양상을 보이는 것으로 나타났다. 여론조사기관 에브... www.polinews.co.kr ​ ​ 2024년 주식투자자 모두는 총선이 끝난 4월 이후 금투세라는 악재로 지옥에 가까운 증시를 견뎌내고 있습니다. ​ 과연 총선 결과가 달랐더라도 이랬을까요??? ​ 한번 속은건 실수지만 두번이면 의도적인겁니다. ​ 이번 보궐선거도 같은 결과를 보시겠습니까? ​ 보궐선거 해당 지역구 주식투자자들은 본인과 가족 일가친척 모두 나서서 휴일이 아니지만 투표장에 가셔서 ​ 내 자산을 잃지 않기위한 올바른 선택을 하시면 좋겠습니다. (어느당이든 상관없습니다. 다만 피땀흘려 모은 자산을 잃지 마십시오.) ​ 기억하십시오. 4월이후 국내증시를... ​ ​ P.S  위 시나리오는 순수 제 뇌내망상입니다. 저걸 읽고 화가 나신 분이 있으시다면 님 생각과 말이 모두 맞다고 답변드리겠습니다. 어떤 악플을 달아도 감사하다고 말하겠습니다. ​  - dc official App 중소기업 들어갔는데 연봉 2800부터, 3100, 3400, 3600, 3900이렇게 올라갔음입사동기들, 경력직 상사들, 대학동기들 거의 다 나랑 비슷하더라나름 4년제 공대 졸업하고 기사자격증도 따고꾸준히 흑자내는 코스닥 상장사의 반도체 R&D 연구직인데실수령 200으로 시작해 300까지 오를동안수도권 2억짜리 아파트는 5억됐고최저시급이 많이 올라서 편돌이도 내 월급이랑 늘 비슷함2017년부터 지금까지수도권에 집 가진사람들, 최저시급 혜택 다 받은 사람들, 정부 지원을 많이 받은 사람들이 생활이 많이 좋아졌을듯나는 하나도 해당안되니 좀 허탈하다그래도 편돌이 알바보다는 정규직이 낫다고 생각하며 살아가고있지만현상 유지만 겨우 하고있는 수준인것같음......... 낙폭 제한도 해야됨 이거.코스피 국제 물가 상으로, 3500 넘기 전까지는 그래야됨.최대 상승 대비 10% 이내 하락, 최대 하락 대비 10% 이내 상승 제한.물가 대비로 코스피 코스닥 시총 종잇장이라 완전 개판이네.죄다 오전에 20% 쏘고 오후 음전이잖아 지금.전업들도 대응이 힘든데 직장인들은 걍 주식하지 말라는거지.우량주만 하라고?대다수 직장인이 성장주 가치주 테마주가 아닌 우량주만 사는 나라를 우리는 개 쳐 망한 나라라 부른다. https://freesis.kofia.or.kr/ 1 이미지 순서 ON내가 9월 초에 이 차트 만들때 설마 7조 밑으로 가겠어? 해서 최소 눈금 7조로 했는데2 이미지 순서 ON깨져서 y축 다시 설정함 3 이미지 순서 ON재명셰셰"
2024-11,"1 이미지 순서 ON 마우스 커서를 올리면이미지 순서를 ON/OFF 할 수 있습니다. 안녕하세요 그동안 잘들 지내셨나요 형님도 존나 힘드네요 며칠전에 형님이 금투협회 데이타를 받아서 못하는 컴퓨타 엑셀 실력으로 그라프를 좀 그려봤는데요2 이미지 순서 ON3 이미지 순서 ON 신용잔고가 많이 빠져서 이제 16.7조 인데 코스피 신용잔고 9.8조 코스닥 신용잔고 6.8조 이네요 코스피는 많이 안빠졋고 코스닥은 데이타를 쏠팅 해보니까 20년이후 역대 최저네요 현재 코스닥 신용 레벨은 20년 코로나로 지옥에 가고 올라오던 중 입니다 비슷한 레벨이 그때 밖에 없어요 22년 지옥장보다 지금이 더 뒤졋네요 코스피는 아직 살아있어서(??) 예탁금대비 신용비율은 33퍼 정도입니다만 코스닥 잔고비율은 14퍼로 진짜 개같이 뒤졋네요 보통 전체신용잔고비율이 30아래로 가면 지옥이자 불반등의 신호인데 코스피가 버티는건 삼전과 은행 등 금융주에 신용이 늘어난게 좀 큰거 같네요4 이미지 순서 ON 삼전 지금 신용레벨이 이정도 이고 22년은 찾아보니 육칠천억 정도 되는걱 같습니다 그때보다 삼전 신용이 두배 조금 안되게 많습니다 삼전 얘기가 나와서 하는 말인데 자사주 10조가 개좃도 아니다 이런 의견이 많은데요 형님이 보기에는 뭐 어찌보면 별거 아니고 어찌보면 큰 의미가 있습니다 외인 삼전 보유비율은 49~ 50중후반을 왓다갓다 합니다 지금 ㅣ은 56에서 51까지 뺏군여 지분 5퍼 빼는데 3만원 정도 주가가 빠졋네요 최저치까지 뺀다고 치면 여기서 2~3 퍼 더 빼겟습니다 현재시총 300조에 그 3퍼가 바로 10조입니다 이게 어떤 의미가 되냐면은 자사주 10조 매입은 역대 최저치까지 뺄때 파는 물량 10조를 받아서 사이클이 턴할때까지 시간을 벌게 해준다는 겁니다 뭐 물론 기술적으로 일간 자사주매입량보다 매도량이 많으면 매입기간 중에도 주가가 내릴수는 있겟지만 그렇게되면 어쨋거나 매도는 끈나고 나중엔 자사주매입은 남아서 상승에 힘을 더해주겟네요 이러나저러나 그게그거고 뭐 형님의 판단은 그렇읍니다 그리고 어차피 형님은 삼전 삼전우 합쳐봐야 포트에 4퍼 정도 되는데 마6정도 되는듯 대신에 소부장으로 인생 지옥에 가고잇는데5 이미지 순서 ON6 이미지 순서 ON7 이미지 순서 ON8 이미지 순서 ON9 이미지 순서 ON뭐 이건 씨바 미친새끼들이 아닌가 시포요?? 형님이 나름 땅굴만 몇십년 판 땅굴전문가 방망이깎는 노인인데 이번에 와 시발 다 바닥 대바닥 잡앗네 햇는데 지옥에 떨어졋네요 코스닥은 형님이 볼때 코로나 폭락이후 역대 최고입니다 코수피도 뭐 듀ㅣ질만큼 디졋긴 마찬가지고 어찌보면 패시브 세상의 폐해 같기도 하네요 패시브라는게 오르는건 계속 오르게 내리는건 계속 내리게 하는 힘이 큰데요 국장이 계속 좆병신쩌리짓을 해서 하락을 하니까 사람이 계속 빠져나가고 그러니 더 떨어지고 그러다보니 msci 같은 거에 한국 비율이 빠져서 리밸런싱 할때마다 자금이 더 빠지고 그러니 더 좆돼서 더 빠지고 거기에 금투세를 쳐붙이고 거기에 기업 개별로는 밥캣 이수 등등 개좆짓거리를 하고 아주 온갖 붙을수있는 온갖 악재는 다 붙엇네요 원래 액티브에 힘이 잇는 시장이면 저가에 매수가 들어옵니다 근데 기관이나 외궈나 요즘 다 etf거든여 저가가 될수록 돈이 더 나가는게 매일매일 눈에 보이고 욕이 나옵니다 아 그리고 상법 얘기가 요새 많은데 상법개정한다고 갑자기 오르고 그런거 없습니다 그리고 외국에도 '이사는 주주의 이익을 위해야한다' 이런게 없다고도 하더라구 근데 형님은 해야한다고 생각을 해요 왜 해야하냐 뭐 외국은 의식이 당연히 주식회사 이사면 주주를 위하는게 당연시돼잇고 뭐 대딩때 배웟듯이 주식회사의 목적은 maximize shareholder's benefit 인데 한국은 이사가 회사를 위해 일한다 대주주를 위해 봉사한다 어쩌고저쩌고 간단하게 한국이 아직 자본주의가 덜 성숙해서 그럼 자본은 주주를 위해야하는건데 아직 덜 깨우쳐졋으니 이참에 상법에 박아서 명문화를 하자 그래야 장기자본이 들어오고 장기성장을 한다 이거임 장기성장을 한다는 건 지수추종이 가능해진다는 건데 지수추종이 되는 지수와 시장이 된다는건 엄청난 의미와 효과를 가져옴 패시브의 유입으로 장기 성장이 셀프메이킹 될뿐만 아니라 변동을 완화시킴 장기성장 ㅡ 패시브 유입 ㅡ 장기성장 가속 ㅡ 패시브 유입 ㅡ 연금 유입 ㅡ 성장 가속 지금 생각해보세요 국장 지수etf를 누가 사냐 다 단타로 사서 사팔사팔 하고 말지 이게 미국처럼 장기 홀딩이 될수잇다는거 쌀때 사서 장기홀딩이 된다는건 그 자체로 국장의 최대단점인 변동성 완화를 해줄수 잇음 미국 블랙먼데이때 sec의 조사결과 지수 etf가 잇엇다면 변동이 엄청나게 줄엇을거라는 연구결과가 잇습니다 아 시발 술처먹고 의식의 흐름대로 지껄이니까??? 글이 끝을 못내겟네요 암튼 형님은 지금 역사적 대바닥과 기회를 지나는 중이라규 생각합니다 미국이 여기서 폭락해서 좃되면 어카냐 미국이 30퍼폭락하면 국장 15퍼 폭락할거같네요 형님처럼 모든걸 깨달은 투자자는 미래가 다 보이네요 주식의 본질은 싸게 사서 비싸게 파는거입니다 하워드막스가 말햣습닏다 예측하지 마세요 10 이미지 순서 ON 예측하지말고 어떤 상황에도 성공하는 투자를 하세요 그건 바로 싸게 사는 것이고 지금은 존나 쌉니다 형님은 그렇개 투자해왓슴니다 투자의 본질이 그것입니다 잃지않는 투자를 하세요11 이미지 순서 ON 봣으명 꺼져그렇게 전철에 뗘들어 케챱되고 한강에 뗘들어 잉어밥 되는 겁니다 상법개정하면 기업이 사모펀드한테 먹힌다 하지만그건 재명세로 주가 좆같아지면 시도가 나올 수 있다는 것이고재명세 폐지하면 상법 개정 하는게 맞고, 개미들 화력 집중시키는게 맞다왜냐 주주의 비례적 이익임. 소액주주와 대주주,사모펀드의 이익을 모두 대변할 수 없다 하지만분명히 좆같은짓 하면 공통적으로 피해가 생기는 부분이 생긴다또한 사모펀드가 기업을 먹는다는 것도국내 대기업은 2대주주가 대부분 연기금, 블랙록같은 초대형 큰손으로서사모펀드가 소송하더라도 무리한 요구는 연기금이 커버하면 되며또한 이러한 시도를 차단하기 위해 연기금이 국내지분을 높이면증시가 상승하며 동시에 연기금 수익률이 올라가게 된다.그러면 비중확대로 선순환 효과가 계속 됨.또한 연기금이나 큰손이 없는 코스닥, 중소형 주는 오히려 대부분 행동주의 펀드가 들어오는 것이더 나은 상황이다.빳대머리는 상법개정은 포지션 잘못 잡았지만찢죄명 유죄 됐으니 얼른 태세전환 해서 화력 집중시키면빳데리 물린 노인들은 안타깝게 됐지만 그래도 공매도나 금투세, 상법개정의 공으로 용서받을 수 있을것임 1 이미지 순서 ONJFE에2021년톱저널치고아주빠르게실린논문이있음2 이미지 순서 ON3 이미지 순서 ON4 이미지 순서 ON요지는유동성위기때,즉시장이실패했을때Fed가어떻게개입을했고어떠한효과를보았는가5 이미지 순서 ON보는바와같이채권매입과채권ETF매입을시작한Fed의개입은유동성위기에빠진회사채시장을구해냈음Fed와한은역할이큰틀에서다르지만,PF위기때정부기재부한은이모였던거처럼결국한은도시장개입을할수있어야함형은지금국장운지를유동성의부족에의한유동성소용돌이효과로보는데,어느한놈이손절치고딴놈이청산되고또딴놈이손절치고이게무현반복되는거임(코스피200이외주식,코스닥대다수)그리고손절친걸로환전미장당연히환율은트럼프효과까지해서화성행십수년전형이현역일때는연기금이시장조성에 나섰겠지만전략적목표가국장비중축소이므로연기금은쭉매도포지션일것임결국환율안정을위해서는돈다발만뿌리는데아니라한은이직접대형주매수하고증시부양하고미장갔던호로개미들다시컴백하고그효과로외국인불러오는수밖에 없는데6 이미지 순서 ON이멍청한새끼는금융을배운적이없고거시경제만하는새끼라그럴배짱도없을거다 1 이미지 순서 ON2 이미지 순서 ON3 이미지 순서 ON4 이미지 순서 ON5 이미지 순서 ON [그냥효] 오늘 보고서를 하나 봤는데요... 대한민국 이야기 한번 시원하게 해보겠습니다 #Kdi #무역 #트럼프 #대선 #환율 #중국 #코스피 #Kospi #코스닥 #미국주식 #서학개미 #s&p500 #나스닥&#x1f4cc; 중국의 디플레 수출이 더 궁금하다면?[그냥효] 정부가 해외 직구를 금지할 수 밖에 없는 이유!&#x1f449; https://youtu.be/vKhOkmGwhqA[이슈효...youtu.be1. 트럼프가 관세전쟁 이니시 걸면 중국이 위안화 약세로 나올 텐데2. 위안화 약세는 곧 원화 약세 = 1550원 본다 ㅇㅇ3. 한국은 디플레 위기인데 경기 부양하려면 금리를 내려야 하는데4. 전국민이 부동산에 미쳐서 금리 낮추기도 어렵고, 금리 낮추면 환율 좆창남..5. 한국 잠재성장률이 좆박고 있는 건 생산가능 인구가 개씹운지중이기 때문이고 이걸 돌릴 수 있는 방법은 없음 ㅇㅇ6. 개인 투자자들은 현명해서 미국 주식을 140조 원어치 샀다고 함ㅇㅇ RTS 지수는 환율 반영된 지수인데 그것조차도 누르고 1위임. 코스피도 곧 러시아 이기고 올라선다 ㅋㅋㅋㅋ 코스닥 거래대금 언제부터 급격히 말랐는지 보고나 와서 씨부려라 그런 상황에서 폐지 선언도 존나 쳐 늦게 말하니까 밖으로 나가서 수익률 달달한 자금들이 돌아올 생각도 안하고 폐지 말한것도 진짜 폐지도 아닌 말만 찌끄린거라 언제 또 통수칠지 모르는거고 통수가 일상인 새끼들이라 금투세는 문제가 아니였다 시장이 문제다 이딴 여론 조성하고 우덜식 상법개정과 동시에 원래대로 강행한다 ㅇㅈㄹ할 가능성도 있는 새끼들인데 나갔던 자금들이 뭘 보고 돌아오냐고 이 새끼야 그리고 너거덜 말대로 시장이 쓰레기인것도 맞는데 그런 쓰레기 시장 골골대면서도 나름 돌아가고 있던고 재명세라는 목줄을 채워서 심정지까지 간져간게 factos 좀ㅅㅂ 반골기질로 은연중에 재명세 옹호하는 븅신짓좀 하지마라 본인이 해외거주 하는게 아니면 국장 망하는게 결국 본인한테 돌아가는거임 1 이미지 순서 ON2 이미지 순서 ON  이태원보다 3 이미지 순서 ON 코스닥에서ㅋㅋ  특조위 만들어라"
